{
  "having_ip_address": 0.313795,
  "url_length": -0.633198,
  "shortining_service": 0.738761,
  "having_at_symbol": 0.700588,
  "double_slash_redirecting": 0.741474,
  "prefix_suffix": -0.734962,
  "having_sub_domain": 0.063953,
  "sslfinal_state": 0.250927,
  "domain_registration_length": -0.336771,
  "favicon": 0.628584,
  "port": 0.728268,
  "https_token": 0.675079,
  "request_url": 0.186793,
  "url_of_anchor": -0.076526,
  "links_in_tags": -0.118137,
  "sfh": -0.595749,
  "submitting_to_email": 0.63564,
  "abnormal_url": 0.705292,
  "redirect": 0.115694,
  "on_mouseover": 0.762099,
  "rightclick": 0.913885,
  "popupwindow": 0.613388,
  "iframe": 0.816915,
  "age_of_domain": 0.061239,
  "dnsrecord": 0.377114,
  "web_traffic": 0.287291,
  "page_rank": -0.483673,
  "google_index": 0.721574,
  "links_pointing_to_page": 0.344007,
  "statistical_report": 0.719584
}